Time,Susceptible,Exposed,Infected,Recovered,Total Population,Births,Deaths - Susceptible, Deaths - Infected, Deaths - Recovered, Deaths - Due to Infection, Deaths - Total
0,105,0,1,0,106,0,0,0,0,0,0
0.0355305,104,0,1,0,105,0,1,0,0,0,1
0.0713746,103,0,1,0,104,0,2,0,0,0,2
0.107538,102,0,1,0,103,0,3,0,0,0,3
0.144026,101,1,1,0,103,0,3,0,0,0,3
0.180522,102,1,1,0,104,1,3,0,0,0,3
0.216692,103,1,1,0,105,2,3,0,0,0,3
0.252543,102,1,1,0,104,2,4,0,0,0,4
0.288713,103,1,1,0,105,3,4,0,0,0,4
0.324564,104,1,1,0,106,4,4,0,0,0,4
0.360101,105,1,1,0,107,5,4,0,0,0,4
0.39533,106,1,1,0,108,6,4,0,0,0,4
0.430256,107,1,1,0,109,7,4,0,0,0,4
0.464884,106,2,1,0,109,7,4,0,0,0,4
0.499518,105,2,1,0,108,7,5,0,0,0,5
0.53445,104,2,1,0,107,7,6,0,0,0,6
0.569685,105,2,1,0,108,8,6,0,0,0,6
0.604617,106,2,1,0,109,9,6,0,0,0,6
0.639251,107,2,1,0,110,10,6,0,0,0,6
0.673592,106,2,1,0,109,10,7,0,0,0,7
0.708226,105,3,1,0,109,10,7,0,0,0,7
0.742865,105,3,0,1,109,10,7,0,0,0,7
0.780122,106,3,0,1,110,11,7,0,0,0,7
0.817041,105,3,0,1,109,11,8,0,0,0,8
0.854297,104,3,0,1,108,11,9,0,0,0,9
0.891899,103,3,0,1,107,11,10,0,0,0,10
0.929852,104,3,0,1,108,12,10,0,0,0,10
0.967453,105,3,0,1,109,13,10,0,0,0,10
1.00471,104,3,0,1,108,13,11,0,0,0,11
1.04231,103,3,0,1,107,13,12,0,0,0,12
1.08026,104,3,0,1,108,14,12,0,0,0,12
1.11787,103,3,0,1,107,14,13,0,0,0,13
1.15582,104,3,0,1,108,15,13,0,0,0,13
1.19342,105,3,0,1,109,16,13,0,0,0,13
1.23068,106,3,0,1,110,17,13,0,0,0,13
1.2676,107,3,0,1,111,18,13,0,0,0,13
1.30418,108,3,0,1,112,19,13,0,0,0,13
1.34044,107,3,0,1,111,19,14,0,0,0,14
1.37703,106,3,0,1,110,19,15,0,0,0,15
1.41395,107,3,0,1,111,20,15,0,0,0,15
1.45053,106,3,0,1,110,20,16,0,0,0,16
1.48745,107,3,0,1,111,21,16,0,0,0,16
1.52404,106,3,0,1,110,21,17,0,0,0,17
1.56095,105,3,0,1,109,21,18,0,0,0,18
1.59821,106,3,0,1,110,22,18,0,0,0,18
1.63513,107,3,0,1,111,23,18,0,0,0,18
1.67171,108,3,0,1,112,24,18,0,0,0,18
1.70797,107,3,0,1,111,24,19,0,0,0,19
1.74456,108,3,0,1,112,25,19,0,0,0,19
1.78082,107,3,0,1,111,25,20,0,0,0,20
1.81741,108,3,0,1,112,26,20,0,0,0,20
1.85367,109,3,0,1,113,27,20,0,0,0,20
1.8896,108,3,0,1,112,27,21,0,0,0,21
1.92586,107,3,0,1,111,27,22,0,0,0,22
1.96245,108,3,0,1,112,28,22,0,0,0,22
1.99871,107,3,0,1,111,28,23,0,0,0,23
2.03529,106,3,0,1,110,28,24,0,0,0,24
2.07221,106,2,1,1,110,28,24,0,0,0,24
2.10657,105,3,1,1,110,28,24,0,0,0,24
2.14092,106,3,1,1,111,29,24,0,0,0,24
2.17499,105,4,1,1,111,29,24,0,0,0,24
2.20907,105,4,0,2,111,29,24,0,0,0,24
2.24565,106,4,0,2,112,30,24,0,0,0,24
2.2819,107,4,0,2,113,31,24,0,0,0,24
2.31783,106,4,0,2,112,31,25,0,0,0,25
2.35409,105,4,0,2,111,31,26,0,0,0,26
2.39066,106,4,0,2,112,32,26,0,0,0,26
2.42692,107,4,0,2,113,33,26,0,0,0,26
2.46285,108,4,0,2,114,34,26,0,0,0,26
2.49847,109,4,0,2,115,35,26,0,0,0,26
2.53377,108,4,0,2,114,35,27,0,0,0,27
2.56939,109,4,0,2,115,36,27,0,0,0,27
2.6047,110,4,0,2,116,37,27,0,0,0,27
2.6397,111,4,0,2,117,38,27,0,0,0,27
2.67441,112,4,0,2,118,39,27,0,0,0,27
2.70882,111,4,0,2,117,39,28,0,0,0,28
2.74352,112,4,0,2,118,40,28,0,0,0,28
2.77793,111,4,0,2,117,40,29,0,0,0,29
2.81264,110,4,0,2,116,40,30,0,0,0,30
2.84764,109,4,0,2,115,40,31,0,0,0,31
2.88295,108,4,0,2,114,40,32,0,0,0,32
2.91856,109,4,0,2,115,41,32,0,0,0,32
2.95387,108,4,0,2,114,41,33,0,0,0,33
2.98949,108,3,1,2,114,41,33,0,0,0,33
3.02273,107,3,1,2,113,41,34,0,0,0,34
3.05625,106,3,1,2,112,41,35,0,0,0,35
3.09005,107,3,1,2,113,42,35,0,0,0,35
3.12357,106,3,1,2,112,42,36,0,0,0,36
3.15736,105,4,1,2,112,42,36,0,0,0,36
3.19117,104,5,1,2,112,42,36,0,0,0,36
3.22497,105,5,1,2,113,43,36,0,0,0,36
3.2585,106,5,1,2,114,44,36,0,0,0,36
3.29176,105,5,1,2,113,44,37,0,0,0,37
3.32528,105,5,0,2,112,44,37,1,0,0,38
3.36153,104,5,0,2,111,44,38,1,0,0,39
3.3981,103,5,0,2,110,44,39,1,0,0,40
3.43501,104,5,0,2,111,45,39,1,0,0,40
3.47158,103,5,0,2,110,45,40,1,0,0,41
3.50848,104,5,0,2,111,46,40,1,0,0,41
3.54505,105,5,0,2,112,47,40,1,0,0,41
3.5813,104,5,0,2,111,47,41,1,0,0,42
3.61787,105,5,0,2,112,48,41,1,0,0,42
3.65412,104,5,0,2,111,48,42,1,0,0,43
3.69069,105,5,0,2,112,49,42,1,0,0,43
3.72693,105,4,1,2,112,49,42,1,0,0,43
3.76074,104,4,1,2,111,49,43,1,0,0,44
3.79482,103,4,1,2,110,49,44,1,0,0,45
3.8292,104,4,1,2,111,50,44,1,0,0,45
3.86329,105,4,1,2,112,51,44,1,0,0,45
3.89709,106,4,1,2,113,52,44,1,0,0,45
3.93061,105,4,1,2,112,52,45,1,0,0,46
3.96442,104,4,1,2,111,52,46,1,0,0,47
3.9985,105,4,1,2,112,53,46,1,0,0,47
4.03231,106,4,1,2,113,54,46,1,0,0,47
4.06583,105,5,1,2,113,54,46,1,0,0,47
4.09936,105,5,0,3,113,54,46,1,0,0,47
4.13528,104,5,0,3,112,54,47,1,0,0,48
4.17153,105,5,0,3,113,55,47,1,0,0,48
4.20745,106,5,0,3,114,56,47,1,0,0,48
4.24306,107,5,0,3,115,57,47,1,0,0,48
4.27836,108,5,0,3,116,58,47,1,0,0,48
4.31336,109,5,0,3,117,59,47,1,0,0,48
4.34806,110,5,0,3,118,60,47,1,0,0,48
4.38246,111,5,0,3,119,61,47,1,0,0,48
4.41658,112,5,0,3,120,62,47,1,0,0,48
4.45041,113,5,0,3,121,63,47,1,0,0,48
4.48396,114,5,0,3,122,64,47,1,0,0,48
4.51724,115,5,0,3,123,65,47,1,0,0,48
4.55025,114,5,0,3,122,65,48,1,0,0,49
4.58352,115,5,0,3,123,66,48,1,0,0,49
4.61653,116,5,0,3,124,67,48,1,0,0,49
4.64927,115,5,0,3,123,67,49,1,0,0,50
4.68228,115,4,1,3,123,67,49,1,0,0,50
4.71325,114,4,1,3,122,67,50,1,0,0,51
4.74446,113,4,1,3,121,67,51,1,0,0,52
4.77591,112,4,1,3,120,67,52,1,0,0,53
4.80761,111,5,1,3,120,67,52,1,0,0,53
4.83931,110,5,1,3,119,67,53,1,0,0,54
4.87127,109,5,1,3,118,67,54,1,0,0,55
4.90347,110,5,1,3,119,68,54,1,0,0,55
4.93542,109,6,1,3,119,68,54,1,0,0,55
4.96738,108,6,1,3,118,68,55,1,0,0,56
4.99959,109,6,1,3,119,69,55,1,0,0,56
5.03155,108,6,1,3,118,69,56,1,0,0,57
5.06376,109,6,1,3,119,70,56,1,0,0,57
5.09572,110,6,1,3,120,71,56,1,0,0,57
5.12742,109,6,1,3,119,71,57,1,0,0,58
5.15938,109,5,2,3,119,71,57,1,0,0,58
5.18944,108,5,2,3,118,71,58,1,0,0,59
5.21973,109,5,2,3,119,72,58,1,0,0,59
5.2498,110,5,2,3,120,73,58,1,0,0,59
5.27964,109,5,2,3,119,73,59,1,0,0,60
5.3097,110,5,2,3,120,74,59,1,0,0,60
5.33954,109,5,2,3,119,74,60,1,0,0,61
5.36961,108,5,2,3,118,74,61,1,0,0,62
5.3999,109,5,2,3,119,75,61,1,0,0,62
5.42996,108,5,2,3,118,75,62,1,0,0,63
5.46025,109,5,2,3,119,76,62,1,0,0,63
5.49031,108,5,2,3,118,76,63,1,0,0,64
5.5206,109,5,2,3,119,77,63,1,0,0,64
5.55067,110,5,2,3,120,78,63,1,0,0,64
5.58051,109,5,2,3,119,78,64,1,0,0,65
5.61057,108,5,2,3,118,78,65,1,0,0,66
5.64086,109,5,2,3,119,79,65,1,0,0,66
5.67093,108,5,2,3,118,79,66,1,0,0,67
5.70122,107,5,2,3,117,79,67,1,0,0,68
5.73173,108,5,2,3,118,80,67,1,0,0,68
5.76202,107,6,2,3,118,80,67,1,0,0,68
5.79233,106,6,2,3,117,80,68,1,0,0,69
5.82286,107,6,2,3,118,81,68,1,0,0,69
5.85316,106,6,2,3,117,81,69,1,0,0,70
5.88369,107,6,2,3,118,82,69,1,0,0,70
5.91399,108,6,2,3,119,83,69,1,0,0,70
5.94407,107,6,2,3,118,83,70,1,0,0,71
5.97437,108,6,2,3,119,84,70,1,0,0,71
6.00445,109,6,2,3,120,85,70,1,0,0,71
6.0343,108,6,2,3,119,85,71,1,0,0,72
6.06438,109,6,2,3,120,86,71,1,0,0,72
6.09423,108,6,2,3,119,86,72,1,0,0,73
6.12431,109,6,2,3,120,87,72,1,0,0,73
6.15416,108,6,2,3,119,87,73,1,0,0,74
6.18424,107,6,2,3,118,87,74,1,0,0,75
6.21454,108,6,2,3,119,88,74,1,0,0,75
6.24461,109,6,2,3,120,89,74,1,0,0,75
6.27447,110,6,2,3,121,90,74,1,0,0,75
6.3041,109,6,2,3,120,90,75,1,0,0,76
6.33396,110,6,2,3,121,91,75,1,0,0,76
6.36359,109,6,2,3,120,91,76,1,0,0,77
6.39344,108,6,2,3,119,91,77,1,0,0,78
6.42352,109,6,2,3,120,92,77,1,0,0,78
6.45337,108,6,2,3,119,92,78,1,0,0,79
6.48345,109,6,2,3,120,93,78,1,0,0,79
6.5133,108,7,2,3,120,93,78,1,0,0,79
6.54317,109,7,2,3,121,94,78,1,0,0,79
6.57281,110,7,2,3,122,95,78,1,0,0,79
6.60224,111,7,2,3,123,96,78,1,0,0,79
6.63146,112,7,2,3,124,97,78,1,0,0,79
6.66047,113,7,2,3,125,98,78,1,0,0,79
6.68927,114,7,2,3,126,99,78,1,0,0,79
6.71786,113,7,2,3,125,99,79,1,0,0,80
6.74666,114,7,2,3,126,100,79,1,0,0,80
6.77526,115,7,2,3,127,101,79,1,0,0,80
6.80365,116,7,2,3,128,102,79,1,0,0,80
6.83185,117,7,2,3,129,103,79,1,0,0,80
6.85985,118,7,2,3,130,104,79,1,0,0,80
6.88765,119,7,2,3,131,105,79,1,0,0,80
6.91527,118,7,2,3,130,105,80,1,0,0,81
6.94308,118,6,3,3,130,105,80,1,0,0,81
6.96945,119,6,3,3,131,106,80,1,0,0,81
6.99565,118,6,3,3,130,106,81,1,0,0,82
7.02202,119,6,3,3,131,107,81,1,0,0,82
7.04821,119,6,2,4,131,107,81,1,0,0,82
7.07584,120,6,2,4,132,108,81,1,0,0,82
7.10327,119,6,2,4,131,108,82,1,0,0,83
7.13089,118,6,2,4,130,108,83,1,0,0,84
7.1587,119,6,2,4,131,109,83,1,0,0,84
7.18632,120,6,2,4,132,110,83,1,0,0,84
7.21376,119,6,2,4,131,110,84,1,0,0,85
7.24138,118,6,2,4,130,110,85,1,0,0,86
7.26919,119,6,2,4,131,111,85,1,0,0,86
7.29681,118,6,2,4,130,111,86,1,0,0,87
7.32462,119,6,2,4,131,112,86,1,0,0,87
7.35224,118,6,2,4,130,112,87,1,0,0,88
7.38006,118,6,2,3,129,112,87,1,1,0,89
7.40805,119,6,2,3,130,113,87,1,1,0,89
7.43584,120,6,2,3,131,114,87,1,1,0,89
7.46345,119,6,2,3,130,114,88,1,1,0,90
7.49125,120,6,2,3,131,115,88,1,1,0,90
7.51886,121,6,2,3,132,116,88,1,1,0,90
7.54628,122,6,2,3,133,117,88,1,1,0,90
7.57352,121,6,2,3,132,117,89,1,1,0,91
7.60094,120,6,2,3,131,117,90,1,1,0,92
7.62855,120,5,3,3,131,117,90,1,1,0,92
7.65473,121,5,3,3,132,118,90,1,1,0,92
7.68074,120,5,3,3,131,118,91,1,1,0,93
7.70693,119,5,3,3,130,118,92,1,1,0,94
7.73328,119,4,4,3,130,118,92,1,1,0,94
7.75834,120,4,4,3,131,119,92,1,1,0,94
7.78324,119,5,4,3,131,119,92,1,1,0,94
7.80816,118,5,4,3,130,119,93,1,1,0,95
7.83323,117,5,4,3,129,119,94,1,1,0,96
7.85846,116,5,4,3,128,119,95,1,1,0,97
7.88385,117,5,4,3,129,120,95,1,1,0,97
7.90908,118,5,4,3,130,121,95,1,1,0,97
7.93416,119,5,4,3,131,122,95,1,1,0,97
7.95907,119,5,3,4,131,122,95,1,1,0,97
7.98528,120,5,3,4,132,123,95,1,1,0,97
8.01131,119,5,3,4,131,123,96,1,1,0,98
8.03751,120,5,3,4,132,124,96,1,1,0,98
8.06354,121,5,3,4,133,125,96,1,1,0,98
8.08941,122,5,3,4,134,126,96,1,1,0,98
8.11511,122,5,2,4,133,126,96,2,1,0,99
8.14235,121,5,2,4,132,126,97,2,1,0,100
8.16977,122,5,2,4,133,127,97,2,1,0,100
8.19701,122,5,1,5,133,127,97,2,1,0,100
8.2258,122,4,2,5,133,127,97,2,1,0,100
8.25305,123,4,2,5,134,128,97,2,1,0,100
8.28011,122,4,2,5,133,128,98,2,1,0,101
8.30735,121,4,2,5,132,128,99,2,1,0,102
8.33478,120,4,2,5,131,128,100,2,1,0,103
8.3624,120,4,2,4,130,128,100,2,2,0,104
8.39019,120,4,1,5,130,128,100,2,2,0,104
8.4196,121,4,1,5,131,129,100,2,2,0,104
8.44881,120,4,1,5,130,129,101,2,2,0,105
8.47822,119,4,1,5,129,129,102,2,2,0,106
8.50785,120,4,1,5,130,130,102,2,2,0,106
8.53726,119,4,1,5,129,130,103,2,2,0,107
8.56689,118,4,1,5,128,130,104,2,2,0,108
8.59674,119,4,1,5,129,131,104,2,2,0,108
8.62637,120,4,1,5,130,132,104,2,2,0,108
8.65578,120,4,0,6,130,132,104,2,2,0,108
8.68702,121,4,0,6,131,133,104,2,2,0,108
8.71802,122,4,0,6,132,134,104,2,2,0,108
8.74878,123,4,0,6,133,135,104,2,2,0,108
8.77931,122,4,0,6,132,135,105,2,2,0,109
8.81008,121,4,0,6,131,135,106,2,2,0,110
8.84108,120,4,0,6,130,135,107,2,2,0,111
8.87231,121,4,0,6,131,136,107,2,2,0,111
8.90331,120,4,0,6,130,136,108,2,2,0,112
8.93455,119,4,0,6,129,136,109,2,2,0,113
8.96602,118,4,0,6,128,136,110,2,2,0,114
8.99775,119,4,0,6,129,137,110,2,2,0,114
9.02923,118,4,0,6,128,137,111,2,2,0,115
9.06095,119,4,0,6,129,138,111,2,2,0,115
9.09243,120,4,0,6,130,139,111,2,2,0,115
9.12366,121,4,0,6,131,140,111,2,2,0,115
9.15466,120,4,0,6,130,140,112,2,2,0,116
9.1859,121,4,0,6,131,141,112,2,2,0,116
9.2169,122,4,0,6,132,142,112,2,2,0,116
9.24766,123,4,0,6,133,143,112,2,2,0,116
9.27819,124,4,0,6,134,144,112,2,2,0,116
9.3085,123,4,0,6,133,144,113,2,2,0,117
9.33903,124,4,0,6,134,145,113,2,2,0,117
9.36933,123,4,0,6,133,145,114,2,2,0,118
9.39987,122,4,0,6,132,145,115,2,2,0,119
9.43063,121,4,0,6,131,145,116,2,2,0,120
9.46163,120,4,0,6,130,145,117,2,2,0,121
9.49286,121,4,0,6,131,146,117,2,2,0,121
9.52386,120,4,0,6,130,146,118,2,2,0,122
9.5551,119,4,0,6,129,146,119,2,2,0,123
9.58658,118,4,0,6,128,146,120,2,2,0,124
9.6183,119,4,0,6,129,147,120,2,2,0,124
9.64978,118,4,0,6,128,147,121,2,2,0,125
9.6815,117,4,0,6,127,147,122,2,2,0,126
9.71348,116,4,0,6,126,147,123,2,2,0,127
9.7457,115,4,0,6,125,147,124,2,2,0,128
9.77819,116,4,0,6,126,148,124,2,2,0,128
9.81041,115,4,0,6,125,148,125,2,2,0,129
9.8429,116,4,0,6,126,149,125,2,2,0,129
9.87513,115,4,0,6,125,149,126,2,2,0,130
9.90761,114,4,0,6,124,149,127,2,2,0,131
9.94036,115,4,0,6,125,150,127,2,2,0,131
9.97284,116,4,0,6,126,151,127,2,2,0,131
10.0051,117,4,0,6,127,152,127,2,2,0,131
10.037,118,4,0,6,128,153,127,2,2,0,131
10.0688,117,4,0,6,127,153,128,2,2,0,132
10.1007,118,4,0,6,128,154,128,2,2,0,132
10.1325,117,4,0,6,127,154,129,2,2,0,133
10.1644,118,4,0,6,128,155,129,2,2,0,133
10.1962,117,4,0,6,127,155,130,2,2,0,134
10.2281,118,4,0,6,128,156,130,2,2,0,134
10.2599,117,4,0,6,127,156,131,2,2,0,135
10.2918,118,4,0,6,128,157,131,2,2,0,135
10.3236,117,4,0,6,127,157,132,2,2,0,136
10.3555,118,4,0,6,128,158,132,2,2,0,136
10.3873,119,4,0,6,129,159,132,2,2,0,136
10.4187,118,4,0,6,128,159,133,2,2,0,137
10.4505,117,4,0,6,127,159,134,2,2,0,138
10.4824,116,4,0,6,126,159,135,2,2,0,139
10.5147,117,4,0,6,127,160,135,2,2,0,139
10.5466,118,4,0,6,128,161,135,2,2,0,139
10.5784,117,4,0,6,127,161,136,2,2,0,140
10.6103,118,4,0,6,128,162,136,2,2,0,140
10.6421,119,4,0,6,129,163,136,2,2,0,140
10.6735,118,4,0,6,128,163,137,2,2,0,141
10.7053,117,4,0,6,127,163,138,2,2,0,142
10.7372,118,4,0,6,128,164,138,2,2,0,142
10.769,117,4,0,6,127,164,139,2,2,0,143
10.8009,116,4,0,6,126,164,140,2,2,0,144
10.8332,115,4,0,6,125,164,141,2,2,0,145
10.8656,116,4,0,6,126,165,141,2,2,0,145
10.8979,115,4,0,6,125,165,142,2,2,0,146
10.9304,116,4,0,6,126,166,142,2,2,0,146
10.9626,117,4,0,6,127,167,142,2,2,0,146
10.9946,116,4,0,6,126,167,143,2,2,0,147
11.0268,117,4,0,6,127,168,143,2,2,0,147
11.0588,118,4,0,6,128,169,143,2,2,0,147
11.0905,117,4,0,6,127,169,144,2,2,0,148
11.1225,116,4,0,6,126,169,145,2,2,0,149
11.1547,115,4,0,6,125,169,146,2,2,0,150
11.1872,116,4,0,6,126,170,146,2,2,0,150
11.2194,115,4,0,6,125,170,147,2,2,0,151
11.2519,114,4,0,6,124,170,148,2,2,0,152
11.2846,113,4,0,6,123,170,149,2,2,0,153
11.3176,114,4,0,6,124,171,149,2,2,0,153
11.3504,115,4,0,6,125,172,149,2,2,0,153
11.3829,116,4,0,6,126,173,149,2,2,0,153
11.4151,117,4,0,6,127,174,149,2,2,0,153
11.4471,116,4,0,6,126,174,150,2,2,0,154
11.4793,117,4,0,6,127,175,150,2,2,0,154
11.5113,117,4,0,5,126,175,150,2,3,0,155
11.5435,116,4,0,5,125,175,151,2,3,0,156
11.576,117,4,0,5,126,176,151,2,3,0,156
11.6082,116,4,0,5,125,176,152,2,3,0,157
11.6407,117,4,0,5,126,177,152,2,3,0,157
11.6729,116,4,0,5,125,177,153,2,3,0,158
11.7054,117,4,0,5,126,178,153,2,3,0,158
11.7376,118,4,0,5,127,179,153,2,3,0,158
11.7696,117,4,0,5,126,179,154,2,3,0,159
11.8018,116,4,0,5,125,179,155,2,3,0,160
11.8343,117,4,0,5,126,180,155,2,3,0,160
11.8665,118,4,0,5,127,181,155,2,3,0,160
11.8985,117,4,0,5,126,181,156,2,3,0,161
11.9307,116,4,0,5,125,181,157,2,3,0,162
11.9632,117,4,0,5,126,182,157,2,3,0,162
11.9955,116,4,0,5,125,182,158,2,3,0,163
12.0279,115,4,0,5,124,182,159,2,3,0,164
12.0607,116,4,0,5,125,183,159,2,3,0,164
12.0932,115,4,0,5,124,183,160,2,3,0,165
12.1259,114,4,0,5,123,183,161,2,3,0,166
12.1589,115,4,0,5,124,184,161,2,3,0,166
12.1917,114,4,0,5,123,184,162,2,3,0,167
12.2247,115,4,0,5,124,185,162,2,3,0,167
12.2574,116,4,0,5,125,186,162,2,3,0,167
12.2899,115,4,0,5,124,186,163,2,3,0,168
12.3227,115,4,0,4,123,186,163,2,4,0,169
12.3557,114,4,0,4,122,186,164,2,4,0,170
12.389,115,4,0,4,123,187,164,2,4,0,170
12.422,114,4,0,4,122,187,165,2,4,0,171
12.4553,115,4,0,4,123,188,165,2,4,0,171
12.4883,116,4,0,4,124,189,165,2,4,0,171
12.521,117,4,0,4,125,190,165,2,4,0,171
12.5535,116,4,0,4,124,190,166,2,4,0,172
12.5863,117,4,0,4,125,191,166,2,4,0,172
12.6187,118,4,0,4,126,192,166,2,4,0,172
12.651,117,4,0,4,125,192,167,2,4,0,173
12.6834,117,3,1,4,125,192,167,2,4,0,173
12.714,118,3,1,4,126,193,167,2,4,0,173
12.7442,119,3,1,4,127,194,167,2,4,0,173
12.7743,120,3,1,4,128,195,167,2,4,0,173
12.8041,121,3,1,4,129,196,167,2,4,0,173
12.8338,120,3,1,4,128,196,168,2,4,0,174
12.8636,121,3,1,4,129,197,168,2,4,0,174
12.8932,121,3,0,5,129,197,168,2,4,0,174
12.9247,120,3,0,5,128,197,169,2,4,0,175
12.9564,121,3,0,5,129,198,169,2,4,0,175
12.9879,122,3,0,5,130,199,169,2,4,0,175
13.0191,122,2,1,5,130,199,169,2,4,0,175
13.0486,123,2,1,5,131,200,169,2,4,0,175
13.0778,122,2,1,5,130,200,170,2,4,0,176
13.1072,123,2,1,5,131,201,170,2,4,0,176
13.1364,124,2,1,5,132,202,170,2,4,0,176
13.1653,125,2,1,5,133,203,170,2,4,0,176
13.1941,126,2,1,5,134,204,170,2,4,0,176
13.2227,126,2,1,4,133,204,170,2,5,0,177
13.2515,125,2,1,4,132,204,171,2,5,0,178
13.2805,126,2,1,4,133,205,171,2,5,0,178
13.3092,125,2,1,4,132,205,172,2,5,0,179
13.3382,126,2,1,4,133,206,172,2,5,0,179
13.367,127,2,1,4,134,207,172,2,5,0,179
13.3956,126,2,1,4,133,207,173,2,5,0,180
13.4243,127,2,1,4,134,208,173,2,5,0,180
13.4529,126,2,1,4,133,208,174,2,5,0,181
13.4817,126,1,2,4,133,208,174,2,5,0,181
13.5089,127,1,2,4,134,209,174,2,5,0,181
13.5359,126,1,2,4,133,209,175,2,5,0,182
13.5631,127,1,2,4,134,210,175,2,5,0,182
13.5902,126,1,2,4,133,210,176,2,5,0,183
13.6174,127,1,2,4,134,211,176,2,5,0,183
13.6444,126,1,2,4,133,211,177,2,5,0,184
13.6716,125,1,2,4,132,211,178,2,5,0,185
13.699,124,1,2,4,131,211,179,2,5,0,186
13.7266,123,1,2,4,130,211,180,2,5,0,187
13.7543,122,1,2,4,129,211,181,2,5,0,188
13.7823,123,1,2,4,130,212,181,2,5,0,188
13.81,124,1,2,4,131,213,181,2,5,0,188
13.8376,125,1,2,4,132,214,181,2,5,0,188
13.865,126,1,2,4,133,215,181,2,5,0,188
13.8922,127,1,2,4,134,216,181,2,5,0,188
13.9192,126,2,2,4,134,216,181,2,5,0,188
13.9463,127,2,2,4,135,217,181,2,5,0,188
13.9731,127,2,2,3,134,217,181,2,6,0,189
14.0001,128,2,2,3,135,218,181,2,6,0,189
14.027,129,2,2,3,136,219,181,2,6,0,189
14.0537,128,2,2,3,135,219,182,2,6,0,190
14.0805,129,2,2,3,136,220,182,2,6,0,190
14.1072,129,2,1,3,135,220,182,2,6,1,191
14.1355,128,2,1,3,134,220,183,2,6,1,192
14.1641,129,2,1,3,135,221,183,2,6,1,192
14.1925,130,2,1,3,136,222,183,2,6,1,192
14.2206,131,2,1,3,137,223,183,2,6,1,192
14.2486,132,2,1,3,138,224,183,2,6,1,192
14.2764,133,2,1,3,139,225,183,2,6,1,192
14.304,134,2,1,3,140,226,183,2,6,1,192
14.3314,135,2,1,3,141,227,183,2,6,1,192
14.3586,136,2,1,3,142,228,183,2,6,1,192
14.3857,137,2,1,3,143,229,183,2,6,1,192
14.4125,138,2,1,3,144,230,183,2,6,1,192
14.4392,137,2,1,3,143,230,184,2,6,1,193
14.4661,136,2,1,3,142,230,185,2,6,1,194
14.4931,137,2,1,3,143,231,185,2,6,1,194
14.52,138,2,1,3,144,232,185,2,6,1,194
14.5467,137,2,1,3,143,232,186,2,6,1,195
14.5735,138,2,1,3,144,233,186,2,6,1,195
14.6002,139,2,1,3,145,234,186,2,6,1,195
14.6267,138,2,1,3,144,234,187,2,6,1,196
14.6534,137,2,1,3,143,234,188,2,6,1,197
14.6803,138,2,1,3,144,235,188,2,6,1,197
14.707,137,2,1,3,143,235,189,2,6,1,198
14.7338,137,2,0,4,143,235,189,2,6,1,198
14.7622,136,2,0,4,142,235,190,2,6,1,199
14.7908,135,2,0,4,141,235,191,2,6,1,200
14.8197,134,2,0,4,140,235,192,2,6,1,201
14.8487,133,2,0,4,139,235,193,2,6,1,202
14.8779,134,2,0,4,140,236,193,2,6,1,202
14.9069,135,2,0,4,141,237,193,2,6,1,202
14.9357,136,2,0,4,142,238,193,2,6,1,202
14.9643,137,2,0,4,143,239,193,2,6,1,202
14.9927,136,2,0,4,142,239,194,2,6,1,203
15.0213,137,2,0,4,143,240,194,2,6,1,203
15.0497,138,2,0,4,144,241,194,2,6,1,203
15.078,137,2,0,4,143,241,195,2,6,1,204
15.1064,138,2,0,4,144,242,195,2,6,1,204
15.1346,139,2,0,4,145,243,195,2,6,1,204
15.1626,139,2,0,3,144,243,195,2,7,1,205
15.1908,140,2,0,3,145,244,195,2,7,1,205
15.2188,139,2,0,3,144,244,196,2,7,1,206
15.247,138,2,0,3,143,244,197,2,7,1,207
15.2754,139,2,0,3,144,245,197,2,7,1,207
15.3036,140,2,0,3,145,246,197,2,7,1,207
15.3317,141,2,0,3,146,247,197,2,7,1,207
15.3595,142,2,0,3,147,248,197,2,7,1,207
15.3871,143,2,0,3,148,249,197,2,7,1,207
15.4146,142,2,0,3,147,249,198,2,7,1,208
15.4422,143,2,0,3,148,250,198,2,7,1,208
15.4696,142,2,0,3,147,250,199,2,7,1,209
15.4973,141,2,0,3,146,250,200,2,7,1,210
15.5251,140,2,0,3,145,250,201,2,7,1,211
15.5531,141,2,0,3,146,251,201,2,7,1,211
15.5809,140,2,0,3,145,251,202,2,7,1,212
15.6089,141,2,0,3,146,252,202,2,7,1,212
15.6368,142,2,0,3,147,253,202,2,7,1,212
15.6644,143,2,0,3,148,254,202,2,7,1,212
15.6919,144,2,0,3,149,255,202,2,7,1,212
15.7191,143,2,0,3,148,255,203,2,7,1,213
15.7466,144,2,0,3,149,256,203,2,7,1,213
15.7738,145,2,0,3,150,257,203,2,7,1,213
15.8009,146,2,0,3,151,258,203,2,7,1,213
15.8278,147,2,0,3,152,259,203,2,7,1,213
15.8545,147,1,1,3,152,259,203,2,7,1,213
15.8799,147,1,1,2,151,259,203,2,8,1,214
15.9054,146,1,1,2,150,259,204,2,8,1,215
15.9311,145,1,1,2,149,259,205,2,8,1,216
15.9569,146,1,1,2,150,260,205,2,8,1,216
15.9826,145,1,1,2,149,260,206,2,8,1,217
16.0084,144,1,1,2,148,260,207,2,8,1,218
16.0344,145,1,1,2,149,261,207,2,8,1,218
16.0602,144,1,1,2,148,261,208,2,8,1,219
16.0862,145,1,1,2,149,262,208,2,8,1,219
16.112,144,2,1,2,149,262,208,2,8,1,219
16.1379,145,2,1,2,150,263,208,2,8,1,219
16.1635,146,2,1,2,151,264,208,2,8,1,219
16.1891,145,2,1,2,150,264,209,2,8,1,220
16.2147,144,2,1,2,149,264,210,2,8,1,221
16.2406,143,2,1,2,148,264,211,2,8,1,222
16.2666,144,2,1,2,149,265,211,2,8,1,222
16.2924,143,2,1,2,148,265,212,2,8,1,223
16.3184,142,2,1,2,147,265,213,2,8,1,224
16.3446,141,2,1,2,146,265,214,2,8,1,225
16.3709,140,2,1,2,145,265,215,2,8,1,226
16.3974,139,2,1,2,144,265,216,2,8,1,227
16.4241,138,2,1,2,143,265,217,2,8,1,228
16.4509,139,2,1,2,144,266,217,2,8,1,228
16.4776,138,2,1,2,143,266,218,2,8,1,229
16.5045,137,2,1,2,142,266,219,2,8,1,230
16.5315,136,2,1,2,141,266,220,2,8,1,231
16.5587,137,2,1,2,142,267,220,2,8,1,231
16.5858,138,2,1,2,143,268,220,2,8,1,231
16.6126,137,2,1,2,142,268,221,2,8,1,232
16.6397,138,2,1,2,143,269,221,2,8,1,232
16.6665,138,2,0,2,142,269,221,3,8,1,233
16.6951,139,2,0,2,143,270,221,3,8,1,233
16.7235,140,2,0,2,144,271,221,3,8,1,233
16.7517,139,2,0,2,143,271,222,3,8,1,234
16.7802,140,2,0,2,144,272,222,3,8,1,234
16.8084,141,2,0,2,145,273,222,3,8,1,234
16.8364,142,2,0,2,146,274,222,3,8,1,234
16.8642,141,2,0,2,145,274,223,3,8,1,235
16.8922,142,2,0,2,146,275,223,3,8,1,235
16.92,141,2,0,2,145,275,224,3,8,1,236
16.9481,140,2,0,2,144,275,225,3,8,1,237
16.9763,141,2,0,2,145,276,225,3,8,1,237
17.0043,140,2,0,2,144,276,226,3,8,1,238
17.0325,139,2,0,2,143,276,227,3,8,1,239
17.0609,138,2,0,2,142,276,228,3,8,1,240
17.0895,137,2,0,2,141,276,229,3,8,1,241
17.1183,136,2,0,2,140,276,230,3,8,1,242
17.1473,135,2,0,2,139,276,231,3,8,1,243
17.1765,134,2,0,2,138,276,232,3,8,1,244
17.206,133,2,0,2,137,276,233,3,8,1,245
17.2356,132,2,0,2,136,276,234,3,8,1,246
17.2655,132,2,0,1,135,276,234,3,9,1,247
17.2956,131,2,0,1,134,276,235,3,9,1,248
17.3259,130,2,0,1,133,276,236,3,9,1,249
17.3564,131,2,0,1,134,277,236,3,9,1,249
17.3868,132,2,0,1,135,278,236,3,9,1,249
17.4169,133,2,0,1,136,279,236,3,9,1,249
17.4467,132,2,0,1,135,279,237,3,9,1,250
17.4768,131,2,0,1,134,279,238,3,9,1,251
17.5071,132,2,0,1,135,280,238,3,9,1,251
17.5372,133,2,0,1,136,281,238,3,9,1,251
17.5671,132,2,0,1,135,281,239,3,9,1,252
17.5972,133,2,0,1,136,282,239,3,9,1,252
17.627,134,2,0,1,137,283,239,3,9,1,252
17.6567,135,2,0,1,138,284,239,3,9,1,252
17.6861,134,2,0,1,137,284,240,3,9,1,253
17.7158,135,2,0,1,138,285,240,3,9,1,253
17.7452,136,2,0,1,139,286,240,3,9,1,253
17.7744,137,2,0,1,140,287,240,3,9,1,253
17.8035,136,2,0,1,139,287,241,3,9,1,254
17.8327,135,2,0,1,138,287,242,3,9,1,255
17.8621,136,2,0,1,139,288,242,3,9,1,255
17.8913,137,2,0,1,140,289,242,3,9,1,255
17.9204,138,2,0,1,141,290,242,3,9,1,255
17.9492,139,2,0,1,142,291,242,3,9,1,255
17.9778,138,2,0,1,141,291,243,3,9,1,256
18.0066,137,2,0,1,140,291,244,3,9,1,257
18.0356,136,2,0,1,139,291,245,3,9,1,258
18.0648,135,2,0,1,138,291,246,3,9,1,259
18.0943,136,2,0,1,139,292,246,3,9,1,259
18.1235,135,2,0,1,138,292,247,3,9,1,260
18.1529,136,2,0,1,139,293,247,3,9,1,260
18.1821,137,2,0,1,140,294,247,3,9,1,260
18.2112,136,2,0,1,139,294,248,3,9,1,261
18.2404,135,2,0,1,138,294,249,3,9,1,262
18.2698,136,2,0,1,139,295,249,3,9,1,262
18.299,135,2,0,1,138,295,250,3,9,1,263
18.3285,136,2,0,1,139,296,250,3,9,1,263
18.3577,135,2,0,1,138,296,251,3,9,1,264
18.3871,134,2,0,1,137,296,252,3,9,1,265
18.4168,133,2,0,1,136,296,253,3,9,1,266
18.4466,132,2,0,1,135,296,254,3,9,1,267
18.4767,133,2,0,1,136,297,254,3,9,1,267
18.5066,132,2,0,1,135,297,255,3,9,1,268
18.5367,133,2,0,1,136,298,255,3,9,1,268
18.5666,132,2,0,1,135,298,256,3,9,1,269
18.5967,131,2,0,1,134,298,257,3,9,1,270
18.627,132,2,0,1,135,299,257,3,9,1,270
18.6571,131,2,0,1,134,299,258,3,9,1,271
18.6874,130,2,0,1,133,299,259,3,9,1,272
18.7179,131,2,0,1,134,300,259,3,9,1,272
18.7482,130,2,0,1,133,300,260,3,9,1,273
18.7788,131,2,0,1,134,301,260,3,9,1,273
18.8091,132,2,0,1,135,302,260,3,9,1,273
18.8392,133,2,0,1,136,303,260,3,9,1,273
18.869,132,2,0,1,135,303,261,3,9,1,274
18.8991,133,2,0,1,136,304,261,3,9,1,274
18.929,134,2,0,1,137,305,261,3,9,1,274
18.9587,135,2,0,1,138,306,261,3,9,1,274
18.9881,136,2,0,1,139,307,261,3,9,1,274
19.0173,135,2,0,1,138,307,262,3,9,1,275
19.0467,134,2,0,1,137,307,263,3,9,1,276
19.0764,133,2,0,1,136,307,264,3,9,1,277
19.1063,134,2,0,1,137,308,264,3,9,1,277
19.1359,135,2,0,1,138,309,264,3,9,1,277
19.1654,134,2,0,1,137,309,265,3,9,1,278
19.195,133,2,0,1,136,309,266,3,9,1,279
19.2249,132,2,0,1,135,309,267,3,9,1,280
19.255,131,2,0,1,134,309,268,3,9,1,281
19.2853,132,2,0,1,135,310,268,3,9,1,281
19.3154,133,2,0,1,136,311,268,3,9,1,281
19.3452,132,2,0,1,135,311,269,3,9,1,282
19.3753,131,2,0,1,134,311,270,3,9,1,283
19.4056,132,2,0,1,135,312,270,3,9,1,283
19.4357,133,2,0,1,136,313,270,3,9,1,283
19.4656,134,2,0,1,137,314,270,3,9,1,283
19.4952,133,2,0,1,136,314,271,3,9,1,284
19.5251,134,2,0,1,137,315,271,3,9,1,284
19.5548,135,2,0,1,138,316,271,3,9,1,284
19.5842,134,2,0,1,137,316,272,3,9,1,285
19.6138,133,2,0,1,136,316,273,3,9,1,286
19.6437,134,2,0,1,137,317,273,3,9,1,286
19.6734,133,2,0,1,136,317,274,3,9,1,287
19.7032,132,2,0,1,135,317,275,3,9,1,288
19.7333,133,2,0,1,136,318,275,3,9,1,288
19.7632,132,2,0,1,135,318,276,3,9,1,289
19.7933,131,2,0,1,134,318,277,3,9,1,290
19.8236,130,2,0,1,133,318,278,3,9,1,291
19.8541,129,2,0,1,132,318,279,3,9,1,292
19.8849,130,2,0,1,133,319,279,3,9,1,292
19.9155,129,2,0,1,132,319,280,3,9,1,293
19.9462,130,2,0,1,133,320,280,3,9,1,293
19.9768,129,2,0,1,132,320,281,3,9,1,294
20.0075,128,2,0,1,131,320,282,3,9,1,295
20.0386,129,2,0,1,132,321,282,3,9,1,295
20.0693,130,2,0,1,133,322,282,3,9,1,295
20.0999,131,2,0,1,134,323,282,3,9,1,295
20.1302,130,2,0,1,133,323,283,3,9,1,296
20.1607,129,2,0,1,132,323,284,3,9,1,297
20.1915,128,2,0,1,131,323,285,3,9,1,298
20.2225,129,2,0,1,132,324,285,3,9,1,298
20.2533,130,2,0,1,133,325,285,3,9,1,298
20.2838,131,2,0,1,134,326,285,3,9,1,298
20.3141,132,2,0,1,135,327,285,3,9,1,298
20.3442,131,2,0,1,134,327,286,3,9,1,299
20.3745,130,2,0,1,133,327,287,3,9,1,300
20.4051,129,2,0,1,132,327,288,3,9,1,301
20.4359,128,2,0,1,131,327,289,3,9,1,302
20.4669,129,2,0,1,132,328,289,3,9,1,302
20.4976,130,2,0,1,133,329,289,3,9,1,302
20.5282,129,2,0,1,132,329,290,3,9,1,303
20.5589,130,2,0,1,133,330,290,3,9,1,303
20.5895,131,2,0,1,134,331,290,3,9,1,303
20.6198,130,2,0,1,133,331,291,3,9,1,304
20.6503,129,2,0,1,132,331,292,3,9,1,305
20.6811,130,2,0,1,133,332,292,3,9,1,305
20.7117,131,2,0,1,134,333,292,3,9,1,305
20.742,131,2,0,0,133,333,292,3,10,1,306
20.7725,130,2,0,0,132,333,293,3,10,1,307
20.8033,131,2,0,0,133,334,293,3,10,1,307
20.8338,132,2,0,0,134,335,293,3,10,1,307
20.8641,131,2,0,0,133,335,294,3,10,1,308
20.8947,130,2,0,0,132,335,295,3,10,1,309
20.9255,131,2,0,0,133,336,295,3,10,1,309
20.956,130,2,0,0,132,336,296,3,10,1,310
20.9868,131,2,0,0,133,337,296,3,10,1,310
21.0173,130,2,0,0,132,337,297,3,10,1,311
21.0481,131,2,0,0,133,338,297,3,10,1,311
21.0786,130,2,0,0,132,338,298,3,10,1,312
21.1094,129,2,0,0,131,338,299,3,10,1,313
21.1404,130,2,0,0,132,339,299,3,10,1,313
21.1712,131,2,0,0,133,340,299,3,10,1,313
21.2017,130,2,0,0,132,340,300,3,10,1,314
21.2325,131,2,0,0,133,341,300,3,10,1,314
21.263,132,2,0,0,134,342,300,3,10,1,314
21.2934,131,2,0,0,133,342,301,3,10,1,315
21.3239,132,2,0,0,134,343,301,3,10,1,315
21.3542,131,2,0,0,133,343,302,3,10,1,316
21.3848,130,2,0,0,132,343,303,3,10,1,317
21.4155,129,2,0,0,131,343,304,3,10,1,318
21.4465,130,2,0,0,132,344,304,3,10,1,318
21.4773,129,2,0,0,131,344,305,3,10,1,319
21.5083,128,2,0,0,130,344,306,3,10,1,320
21.5396,127,2,0,0,129,344,307,3,10,1,321
21.5711,128,2,0,0,130,345,307,3,10,1,321
21.6023,127,2,0,0,129,345,308,3,10,1,322
21.6338,126,2,0,0,128,345,309,3,10,1,323
21.6655,127,2,0,0,129,346,309,3,10,1,323
21.697,128,2,0,0,130,347,309,3,10,1,323
21.7283,127,2,0,0,129,347,310,3,10,1,324
21.7597,128,2,0,0,130,348,310,3,10,1,324
21.791,129,2,0,0,131,349,310,3,10,1,324
21.822,128,2,0,0,130,349,311,3,10,1,325
21.8532,127,2,0,0,129,349,312,3,10,1,326
21.8847,128,2,0,0,130,350,312,3,10,1,326
21.916,129,2,0,0,131,351,312,3,10,1,326
21.947,130,2,0,0,132,352,312,3,10,1,326
21.9778,129,2,0,0,131,352,313,3,10,1,327
22.0088,130,2,0,0,132,353,313,3,10,1,327
22.0395,131,2,0,0,133,354,313,3,10,1,327
22.0701,130,2,0,0,132,354,314,3,10,1,328
22.1009,129,2,0,0,131,354,315,3,10,1,329
22.1319,128,2,0,0,130,354,316,3,10,1,330
22.1631,127,2,0,0,129,354,317,3,10,1,331
22.1946,126,2,0,0,128,354,318,3,10,1,332
22.2263,125,2,0,0,127,354,319,3,10,1,333
22.2583,124,2,0,0,126,354,320,3,10,1,334
22.2906,125,2,0,0,127,355,320,3,10,1,334
22.3225,124,2,0,0,126,355,321,3,10,1,335
22.3548,125,2,0,0,127,356,321,3,10,1,335
22.3868,126,2,0,0,128,357,321,3,10,1,335
22.4185,127,2,0,0,129,358,321,3,10,1,335
22.45,128,2,0,0,130,359,321,3,10,1,335
22.4812,127,2,0,0,129,359,322,3,10,1,336
22.5127,126,2,0,0,128,359,323,3,10,1,337
22.5445,127,2,0,0,129,360,323,3,10,1,337
22.576,126,2,0,0,128,360,324,3,10,1,338
22.6077,125,2,0,0,127,360,325,3,10,1,339
22.6397,126,2,0,0,128,361,325,3,10,1,339
22.6714,125,2,0,0,127,361,326,3,10,1,340
22.7034,124,2,0,0,126,361,327,3,10,1,341
22.7356,125,2,0,0,127,362,327,3,10,1,341
22.7676,126,2,0,0,128,363,327,3,10,1,341
22.7993,127,2,0,0,129,364,327,3,10,1,341
22.8308,128,2,0,0,130,365,327,3,10,1,341
22.8621,127,2,0,0,129,365,328,3,10,1,342
22.8936,126,2,0,0,128,365,329,3,10,1,343
22.9253,125,2,0,0,127,365,330,3,10,1,344
22.9573,126,2,0,0,128,366,330,3,10,1,344
22.989,127,2,0,0,129,367,330,3,10,1,344
23.0205,126,2,0,0,128,367,331,3,10,1,345
23.0522,127,2,0,0,129,368,331,3,10,1,345
23.0837,126,2,0,0,128,368,332,3,10,1,346
23.1155,125,2,0,0,127,368,333,3,10,1,347
23.1475,126,2,0,0,128,369,333,3,10,1,347
23.1792,125,2,0,0,127,369,334,3,10,1,348
23.2112,126,2,0,0,128,370,334,3,10,1,348
23.2429,125,2,0,0,127,370,335,3,10,1,349
23.2749,126,2,0,0,128,371,335,3,10,1,349
23.3066,125,2,0,0,127,371,336,3,10,1,350
23.3386,126,2,0,0,128,372,336,3,10,1,350
23.3703,125,2,0,0,127,372,337,3,10,1,351
23.4023,124,2,0,0,126,372,338,3,10,1,352
23.4346,125,2,0,0,127,373,338,3,10,1,352
23.4666,126,2,0,0,128,374,338,3,10,1,352
23.4983,127,2,0,0,129,375,338,3,10,1,352
23.5298,128,2,0,0,130,376,338,3,10,1,352
23.561,127,2,0,0,129,376,339,3,10,1,353
23.5925,126,2,0,0,128,376,340,3,10,1,354
23.6242,125,2,0,0,127,376,341,3,10,1,355
23.6562,124,2,0,0,126,376,342,3,10,1,356
23.6885,125,2,0,0,127,377,342,3,10,1,356
23.7205,126,2,0,0,128,378,342,3,10,1,356
23.7522,127,2,0,0,129,379,342,3,10,1,356
23.7837,128,2,0,0,130,380,342,3,10,1,356
23.8149,129,2,0,0,131,381,342,3,10,1,356
23.8459,128,2,0,0,130,381,343,3,10,1,357
23.8772,127,2,0,0,129,381,344,3,10,1,358
23.9087,126,2,0,0,128,381,345,3,10,1,359
23.9404,127,2,0,0,129,382,345,3,10,1,359
23.9719,126,2,0,0,128,382,346,3,10,1,360
24.0036,127,2,0,0,129,383,346,3,10,1,360
24.0351,126,2,0,0,128,383,347,3,10,1,361
24.0668,125,2,0,0,127,383,348,3,10,1,362
24.0988,124,2,0,0,126,383,349,3,10,1,363
24.1311,125,2,0,0,127,384,349,3,10,1,363
24.1631,126,2,0,0,128,385,349,3,10,1,363
24.1948,127,2,0,0,129,386,349,3,10,1,363
24.2263,127,1,1,0,129,386,349,3,10,1,363
24.2559,126,1,1,0,128,386,350,3,10,1,364
24.2857,125,1,1,0,127,386,351,3,10,1,365
24.3157,124,1,1,0,126,386,352,3,10,1,366
24.3459,123,1,1,0,125,386,353,3,10,1,367
24.3764,124,1,1,0,126,387,353,3,10,1,367
24.4066,125,1,1,0,127,388,353,3,10,1,367
24.4367,126,1,1,0,128,389,353,3,10,1,367
24.4665,125,1,1,0,127,389,354,3,10,1,368
24.4965,124,1,1,0,126,389,355,3,10,1,369
24.5267,123,1,1,0,125,389,356,3,10,1,370
24.5572,122,1,1,0,124,389,357,3,10,1,371
24.5879,122,1,0,1,124,389,357,3,10,1,371
24.6207,123,1,0,1,125,390,357,3,10,1,371
24.6532,124,1,0,1,126,391,357,3,10,1,371
24.6854,123,1,0,1,125,391,358,3,10,1,372
24.7179,122,1,0,1,124,391,359,3,10,1,373
24.7507,123,1,0,1,125,392,359,3,10,1,373
24.7832,122,1,0,1,124,392,360,3,10,1,374
24.8159,123,1,0,1,125,393,360,3,10,1,374
24.8484,122,1,0,1,124,393,361,3,10,1,375
24.8812,123,1,0,1,125,394,361,3,10,1,375
24.9137,124,1,0,1,126,395,361,3,10,1,375
24.9459,125,1,0,1,127,396,361,3,10,1,375
24.9779,126,1,0,1,128,397,361,3,10,1,375
25.0097,125,1,0,1,127,397,362,3,10,1,376
25.0417,124,1,0,1,126,397,363,3,10,1,377
25.0739,125,1,0,1,127,398,363,3,10,1,377
25.1059,126,1,0,1,128,399,363,3,10,1,377
25.1376,127,1,0,1,129,400,363,3,10,1,377
25.1691,128,1,0,1,130,401,363,3,10,1,377
25.2004,129,1,0,1,131,402,363,3,10,1,377
25.2314,128,1,0,1,130,402,364,3,10,1,378
25.2626,127,1,0,1,129,402,365,3,10,1,379
25.2941,128,1,0,1,130,403,365,3,10,1,379
25.3254,127,1,0,1,129,403,366,3,10,1,380
25.3569,126,1,0,1,128,403,367,3,10,1,381
25.3886,125,1,0,1,127,403,368,3,10,1,382
25.4206,126,1,0,1,128,404,368,3,10,1,382
25.4524,127,1,0,1,129,405,368,3,10,1,382
25.4838,128,1,0,1,130,406,368,3,10,1,382
25.5151,127,1,0,1,129,406,369,3,10,1,383
25.5466,126,1,0,1,128,406,370,3,10,1,384
25.5783,125,1,0,1,127,406,371,3,10,1,385
25.6103,126,1,0,1,128,407,371,3,10,1,385
25.6421,127,1,0,1,129,408,371,3,10,1,385
25.6736,126,1,0,1,128,408,372,3,10,1,386
25.7053,127,1,0,1,129,409,372,3,10,1,386
25.7368,126,1,0,1,128,409,373,3,10,1,387
25.7685,125,1,0,1,127,409,374,3,10,1,388
25.8005,124,1,0,1,126,409,375,3,10,1,389
25.8328,123,1,0,1,125,409,376,3,10,1,390
25.8653,124,1,0,1,126,410,376,3,10,1,390
25.8975,125,1,0,1,127,411,376,3,10,1,390
25.9295,126,1,0,1,128,412,376,3,10,1,390
25.9612,127,1,0,1,129,413,376,3,10,1,390
25.9927,126,1,0,1,128,413,377,3,10,1,391
26.0245,125,1,0,1,127,413,378,3,10,1,392
26.0565,126,1,0,1,128,414,378,3,10,1,392
26.0882,125,1,0,1,127,414,379,3,10,1,393
26.1202,124,1,0,1,126,414,380,3,10,1,394
26.1524,123,1,0,1,125,414,381,3,10,1,395
26.1849,122,1,0,1,124,414,382,3,10,1,396
26.2177,121,1,0,1,123,414,383,3,10,1,397
26.2507,120,1,0,1,122,414,384,3,10,1,398
26.284,119,1,0,1,121,414,385,3,10,1,399
26.3176,118,1,0,1,120,414,386,3,10,1,400
26.3515,119,1,0,1,121,415,386,3,10,1,400
26.385,118,1,0,1,120,415,387,3,10,1,401
26.4189,119,1,0,1,121,416,387,3,10,1,401
26.4525,120,1,0,1,122,417,387,3,10,1,401
26.4858,119,1,0,1,121,417,388,3,10,1,402
26.5193,118,1,0,1,120,417,389,3,10,1,403
26.5532,117,1,0,1,119,417,390,3,10,1,404
26.5873,116,1,0,1,118,417,391,3,10,1,405
26.6218,115,1,0,1,117,417,392,3,10,1,406
26.6565,114,1,0,1,116,417,393,3,10,1,407
26.6915,113,1,0,1,115,417,394,3,10,1,408
26.7268,112,1,0,1,114,417,395,3,10,1,409
26.7625,113,1,0,1,115,418,395,3,10,1,409
26.7978,114,1,0,1,116,419,395,3,10,1,409
26.8328,113,1,0,1,115,419,396,3,10,1,410
26.8682,112,1,0,1,114,419,397,3,10,1,411
26.9038,111,1,0,1,113,419,398,3,10,1,412
26.9397,110,1,0,1,112,419,399,3,10,1,413
26.976,109,1,0,1,111,419,400,3,10,1,414
27.0126,108,1,0,1,110,419,401,3,10,1,415
27.0495,109,1,0,1,111,420,401,3,10,1,415
27.0861,110,1,0,1,112,421,401,3,10,1,415
27.1224,109,1,0,1,111,421,402,3,10,1,416
27.159,110,1,0,1,112,422,402,3,10,1,416
27.1953,111,1,0,1,113,423,402,3,10,1,416
27.2312,112,1,0,1,114,424,402,3,10,1,416
27.2669,113,1,0,1,115,425,402,3,10,1,416
27.3022,112,1,0,1,114,425,403,3,10,1,417
27.3378,113,1,0,1,115,426,403,3,10,1,417
27.3732,114,1,0,1,116,427,403,3,10,1,417
27.4082,115,1,0,1,117,428,403,3,10,1,417
27.4429,116,1,0,1,118,429,403,3,10,1,417
27.4774,115,1,0,1,117,429,404,3,10,1,418
27.5121,116,1,0,1,118,430,404,3,10,1,418
27.5465,117,1,0,1,119,431,404,3,10,1,418
27.5806,116,1,0,1,118,431,405,3,10,1,419
27.6151,115,1,0,1,117,431,406,3,10,1,420
27.6498,116,1,0,1,118,432,406,3,10,1,420
27.6842,115,1,0,1,117,432,407,3,10,1,421
27.7189,116,1,0,1,118,433,407,3,10,1,421
27.7534,117,1,0,1,119,434,407,3,10,1,421
27.7875,118,1,0,1,120,435,407,3,10,1,421
27.8214,117,1,0,1,119,435,408,3,10,1,422
27.8555,117,0,1,1,119,435,408,3,10,1,422
27.8874,118,0,1,1,120,436,408,3,10,1,422
27.9191,119,0,1,1,121,437,408,3,10,1,422
27.9505,120,0,1,1,122,438,408,3,10,1,422
27.9817,121,0,1,1,123,439,408,3,10,1,422
28.0126,121,0,0,1,122,439,408,4,10,1,423
